1,Parthiban S,parthibans452@gmail.com,mEWv8cvxkBy34E5,06383117625,Html
3,Parthiban S,partbns452@gmail.com,mEWv8cvxkBy34E5,06383117625,Html
4,Parthiban S,parthns452@gmail.com,mEWv8cvxkBy34E5,06383117625,Html
6,Parthiban S,parts452@gmail.com,mEWv8cvxkBy34E5,06383117625,Html
7,Parthiban S,parthibs452@gmail.com,mEWv8cvxkBy34E5,06383117625,Html
8,Parthiban S,partbans452@gmail.com,mEWv8cvxkB,06383117625,Html
9,Parthiban S,parthans452@gmail.com,mEWv8cvxkBy34E5,06383117625,php
10,Parthiban S,parthbans452@gmail.com,mEWv8cvxkBy34E5,06383117625,Html
11,Parthiban S,arthibans452@gmail.com,mEWv8cvxkBy34E5,06383117625,Html
12,Parthiban S,parthins452@gmail.com,mEWv8cvxkBy34E5,06383117625,Html
13,parthsri,parthisri744@gmail.com,riya24,06383117625,css
15,Parthiban S,parthibans42@gmail.com,mEWv8cvxkBy34E5,06383117625,Html
16,Parthiban S,parthiba@gmail.com,mEWv8cvxkBy34E5,0638311762,Html
17,Parthiban S,parthibas452@gmail.com,parthiban,6383117625,Html
18,Parthiban S,parthi@gmail.com,mEWv8cvxkBy34E5,6383117625,Html
